{"version":1,"rows":{"SYM002":{"saved_at":1784225223.1646383,"records":[{"t":2}]},"SYM003":{"saved_at":1784225223.164641,"records":[{"t":3}]},"SYM004":{"saved_at":1784225223.164643,"records":[{"t":4}]},"SYM005":{"saved_at":1784225223.1646452,"records":[{"t":5}]}}}